StatTrak,Weapon,Skin,Wear,Rarity,Case,Individual Cost,Trade Up Cost,Profit,Net Profit,Net Profit After Steam Cut,ROI %
0,M249,Aztec,Battle-Scarred,Restricted,CS20 Case,0.43,4.3,4.41,0.11,0.1,2.33
0,MP5-SD,Agent,Battle-Scarred,Restricted,CS20 Case,0.43,4.3,4.41,0.11,0.1,2.33
1,Five-SeveN,Buddy,Factory New,Restricted,CS20 Case,3.7,37.0,25.61,-11.39,-9.97,-26.95
1,Five-SeveN,Buddy,Minimal Wear,Restricted,CS20 Case,2.34,23.4,12.92,-10.48,-9.17,-39.19
1,P250,Inferno,Minimal Wear,Restricted,CS20 Case,2.27,22.7,12.92,-9.78,-8.56,-37.71
1,M249,Aztec,Factory New,Restricted,CS20 Case,3.5,35.0,25.61,-9.39,-8.22,-23.49
1,MP5-SD,Agent,Factory New,Restricted,CS20 Case,11.01,110.1,25.61,-84.49,-73.93,-67.15
1,UMP-45,Plastique,Minimal Wear,Restricted,CS20 Case,2.2,22.0,12.92,-9.08,-7.95,-36.14
1,AUG,Death by Puppy,Factory New,Classified,CS20 Case,23.38,233.79999999999998,164.81,-68.99,-60.37,-25.82
1,P250,Inferno,Well-Worn,Restricted,CS20 Case,1.51,15.1,7.13,-7.97,-6.97,-46.16
1,Dual Berettas,Elite 1.6,Factory New,Mil_Spec Grade,CS20 Case,1.3,13.0,5.38,-7.62,-6.67,-51.31
1,Glock-18,Sacrifice,Field-Tested,Mil_Spec Grade,CS20 Case,0.82,8.2,1.11,-7.09,-6.2,-75.61
1,M249,Aztec,Minimal Wear,Restricted,CS20 Case,1.98,19.8,12.92,-6.88,-6.02,-30.4
1,Glock-18,Sacrifice,Factory New,Mil_Spec Grade,CS20 Case,6.91,69.1,5.38,-63.72,-55.75,-80.68
1,MAC-10,Classic Crate,Factory New,Mil_Spec Grade,CS20 Case,1.15,11.5,5.38,-6.12,-5.36,-46.61
0,UMP-45,Plastique,Factory New,Restricted,CS20 Case,1.81,18.1,12.09,-6.01,-5.26,-29.06
1,P90,Nostalgia,Factory New,Classified,CS20 Case,21.8,218.0,164.81,-53.19,-46.54,-21.35
1,UMP-45,Plastique,Well-Worn,Restricted,CS20 Case,1.25,12.5,7.13,-5.37,-4.7,-37.6
1,Five-SeveN,Buddy,Well-Worn,Restricted,CS20 Case,1.25,12.5,7.13,-5.37,-4.7,-37.6
1,Glock-18,Sacrifice,Well-Worn,Mil_Spec Grade,CS20 Case,0.64,6.4,1.17,-5.23,-4.58,-71.56
1,Glock-18,Sacrifice,Battle-Scarred,Mil_Spec Grade,CS20 Case,0.61,6.1,0.93,-5.17,-4.52,-74.1
1,MP5-SD,Agent,Battle-Scarred,Restricted,CS20 Case,1.1,11.0,6.32,-4.68,-4.09,-37.18
1,Tec-9,Flash Out,Factory New,Mil_Spec Grade,CS20 Case,1.0,10.0,5.38,-4.62,-4.04,-40.4
0,P250,Inferno,Factory New,Restricted,CS20 Case,1.63,16.299999999999997,12.09,-4.21,-3.68,-22.58
1,MP5-SD,Agent,Field-Tested,Restricted,CS20 Case,1.21,12.1,8.13,-3.97,-3.47,-28.68
1,P250,Inferno,Battle-Scarred,Restricted,CS20 Case,1.02,10.2,6.32,-3.88,-3.4,-33.33
0,M249,Aztec,Factory New,Restricted,CS20 Case,1.58,15.8,12.09,-3.71,-3.25,-20.57
1,P250,Inferno,Field-Tested,Restricted,CS20 Case,1.18,11.799999999999999,8.13,-3.67,-3.21,-27.2
0,Five-SeveN,Buddy,Factory New,Restricted,CS20 Case,1.57,15.700000000000001,12.09,-3.61,-3.16,-20.13
1,MP9,Hydra,Minimal Wear,Classified,CS20 Case,13.72,137.20000000000002,104.17,-33.03,-28.9,-21.06
0,MP9,Hydra,Factory New,Classified,CS20 Case,12.39,123.9,94.3,-29.6,-25.9,-20.9
0,MP9,Hydra,Minimal Wear,Classified,CS20 Case,8.22,82.2,55.27,-26.93,-23.56,-28.66
0,AUG,Death by Puppy,Factory New,Classified,CS20 Case,12.03,120.3,94.3,-26.0,-22.75,-18.91
0,P90,Nostalgia,Factory New,Classified,CS20 Case,11.85,118.5,94.3,-24.2,-21.18,-17.87
0,P90,Nostalgia,Battle-Scarred,Classified,CS20 Case,4.61,46.1,22.05,-24.05,-21.04,-45.64
1,P90,Nostalgia,Minimal Wear,Classified,CS20 Case,12.79,127.89999999999999,104.17,-23.73,-20.76,-16.23
1,UMP-45,Plastique,Factory New,Restricted,CS20 Case,4.9,49.0,25.61,-23.39,-20.47,-41.78
0,FAMAS,Decommissioned,Factory New,Mil_Spec Grade,CS20 Case,0.51,5.1,1.84,-3.26,-2.85,-55.88
1,SCAR-20,Assault,Factory New,Mil_Spec Grade,CS20 Case,0.86,8.6,5.38,-3.22,-2.82,-32.79
0,P250,Inferno,Minimal Wear,Restricted,CS20 Case,1.09,10.9,7.73,-3.17,-2.77,-25.41
1,Five-SeveN,Buddy,Field-Tested,Restricted,CS20 Case,1.13,11.299999999999999,8.13,-3.17,-2.77,-24.51
1,Five-SeveN,Buddy,Battle-Scarred,Restricted,CS20 Case,0.94,9.399999999999999,6.32,-3.08,-2.7,-28.72
1,FAMAS,Decommissioned,Minimal Wear,Mil_Spec Grade,CS20 Case,0.53,5.300000000000001,2.31,-2.99,-2.62,-49.43
0,Five-SeveN,Buddy,Minimal Wear,Restricted,CS20 Case,1.06,10.600000000000001,7.73,-2.87,-2.51,-23.68
1,MAG-7,Popdog,Factory New,Mil_Spec Grade,CS20 Case,0.82,8.2,5.38,-2.82,-2.47,-30.12
1,Tec-9,Flash Out,Well-Worn,Mil_Spec Grade,CS20 Case,0.39,3.9000000000000004,1.17,-2.73,-2.39,-61.28
0,MP5-SD,Agent,Minimal Wear,Restricted,CS20 Case,1.04,10.4,7.73,-2.67,-2.34,-22.5
0,M249,Aztec,Minimal Wear,Restricted,CS20 Case,1.03,10.3,7.73,-2.57,-2.25,-21.84
1,Dual Berettas,Elite 1.6,Well-Worn,Mil_Spec Grade,CS20 Case,0.37,3.7,1.17,-2.53,-2.21,-59.73
1,UMP-45,Plastique,Battle-Scarred,Restricted,CS20 Case,0.88,8.8,6.32,-2.48,-2.17,-24.66
1,MP5-SD,Agent,Well-Worn,Restricted,CS20 Case,0.96,9.6,7.13,-2.47,-2.16,-22.5
0,UMP-45,Plastique,Minimal Wear,Restricted,CS20 Case,1.01,10.1,7.73,-2.37,-2.07,-20.5
1,MP9,Hydra,Battle-Scarred,Classified,CS20 Case,6.39,63.9,42.17,-21.73,-19.01,-29.75
1,P90,Nostalgia,Well-Worn,Classified,CS20 Case,7.4,74.0,53.16,-20.84,-18.23,-24.64
1,P90,Nostalgia,Battle-Scarred,Classified,CS20 Case,6.26,62.599999999999994,42.17,-20.43,-17.88,-28.56
0,MP9,Hydra,Battle-Scarred,Classified,CS20 Case,4.21,42.1,22.05,-20.05,-17.54,-41.66
0,P90,Nostalgia,Minimal Wear,Classified,CS20 Case,7.5,75.0,55.27,-19.73,-17.26,-23.01
0,AUG,Death by Puppy,Minimal Wear,Classified,CS20 Case,7.48,74.80000000000001,55.27,-19.53,-17.09,-22.85
1,P90,Nostalgia,Field-Tested,Classified,CS20 Case,8.2,82.0,63.35,-18.65,-16.32,-19.9
1,MP9,Hydra,Field-Tested,Classified,CS20 Case,8.18,81.8,63.35,-18.45,-16.14,-19.73
1,AUG,Death by Puppy,Minimal Wear,Classified,CS20 Case,12.24,122.4,104.17,-18.23,-15.95,-13.03
1,AUG,Death by Puppy,Well-Worn,Classified,CS20 Case,7.08,70.8,53.16,-17.64,-15.44,-21.81
0,AUG,Death by Puppy,Field-Tested,Classified,CS20 Case,5.55,55.5,38.37,-17.13,-14.99,-27.01
1,AUG,Death by Puppy,Field-Tested,Classified,CS20 Case,8.02,80.19999999999999,63.35,-16.85,-14.74,-18.38
1,FAMAS,Decommissioned,Factory New,Mil_Spec Grade,CS20 Case,2.16,21.6,5.38,-16.22,-14.19,-65.69
1,MP9,Hydra,Well-Worn,Classified,CS20 Case,6.92,69.2,53.16,-16.04,-14.04,-20.29
1,MP9,Hydra,Factory New,Classified,CS20 Case,31.64,316.4,164.81,-151.59,-132.64,-41.92
0,AUG,Death by Puppy,Well-Worn,Classified,CS20 Case,4.84,48.4,32.68,-15.72,-13.76,-28.43
0,P90,Nostalgia,Well-Worn,Classified,CS20 Case,4.79,47.9,32.68,-15.22,-13.32,-27.81
1,MP5-SD,Agent,Minimal Wear,Restricted,CS20 Case,2.75,27.5,12.92,-14.58,-12.76,-46.4
0,Glock-18,Sacrifice,Factory New,Mil_Spec Grade,CS20 Case,1.62,16.200000000000003,1.84,-14.36,-12.56,-77.53
0,MP5-SD,Agent,Factory New,Restricted,CS20 Case,2.61,26.099999999999998,12.09,-14.01,-12.26,-46.97
0,P90,Nostalgia,Field-Tested,Classified,CS20 Case,5.15,51.5,38.37,-13.13,-11.49,-22.31
1,Glock-18,Sacrifice,Minimal Wear,Mil_Spec Grade,CS20 Case,1.54,15.4,2.31,-13.09,-11.45,-74.35
0,MP9,Hydra,Field-Tested,Classified,CS20 Case,5.11,51.1,38.37,-12.73,-11.14,-21.8
1,P250,Inferno,Factory New,Restricted,CS20 Case,3.79,37.9,25.61,-12.29,-10.75,-28.36
0,MP9,Hydra,Well-Worn,Classified,CS20 Case,4.49,44.900000000000006,32.68,-12.22,-10.69,-23.81
0,Five-SeveN,Buddy,Well-Worn,Restricted,CS20 Case,0.69,6.8999999999999995,4.71,-2.19,-1.92,-27.83
0,UMP-45,Plastique,Well-Worn,Restricted,CS20 Case,0.69,6.8999999999999995,4.71,-2.19,-1.92,-27.83
0,P250,Inferno,Well-Worn,Restricted,CS20 Case,0.67,6.7,4.71,-1.99,-1.74,-25.97
1,UMP-45,Plastique,Field-Tested,Restricted,CS20 Case,1.01,10.1,8.13,-1.97,-1.72,-17.03
1,M249,Aztec,Field-Tested,Restricted,CS20 Case,1.01,10.1,8.13,-1.97,-1.72,-17.03
0,Glock-18,Sacrifice,Minimal Wear,Mil_Spec Grade,CS20 Case,0.3,3.0,1.05,-1.95,-1.71,-57.0
1,MAG-7,Popdog,Well-Worn,Mil_Spec Grade,CS20 Case,0.31,3.1,1.17,-1.93,-1.69,-54.52
1,Tec-9,Flash Out,Minimal Wear,Mil_Spec Grade,CS20 Case,0.41,4.1,2.31,-1.79,-1.57,-38.29
1,SCAR-20,Assault,Well-Worn,Mil_Spec Grade,CS20 Case,0.29,2.9,1.17,-1.73,-1.51,-52.07
1,Dual Berettas,Elite 1.6,Minimal Wear,Mil_Spec Grade,CS20 Case,0.39,3.9000000000000004,2.31,-1.59,-1.39,-35.64
1,FAMAS,Decommissioned,Field-Tested,Mil_Spec Grade,CS20 Case,0.27,2.7,1.11,-1.59,-1.39,-51.48
0,M249,Aztec,Well-Worn,Restricted,CS20 Case,0.63,6.3,4.71,-1.59,-1.39,-22.06
1,M249,Aztec,Well-Worn,Restricted,CS20 Case,0.87,8.7,7.13,-1.57,-1.37,-15.75
1,Dual Berettas,Elite 1.6,Battle-Scarred,Mil_Spec Grade,CS20 Case,0.25,2.5,0.93,-1.57,-1.37,-54.8
0,MAC-10,Classic Crate,Factory New,Mil_Spec Grade,CS20 Case,0.33,3.3000000000000003,1.84,-1.46,-1.28,-38.79
1,FAMAS,Decommissioned,Battle-Scarred,Mil_Spec Grade,CS20 Case,0.23,2.3000000000000003,0.93,-1.37,-1.2,-52.17
0,MAG-7,Popdog,Factory New,Mil_Spec Grade,CS20 Case,0.32,3.2,1.84,-1.36,-1.19,-37.19
0,P250,Inferno,Field-Tested,Restricted,CS20 Case,0.66,6.6000000000000005,5.27,-1.33,-1.16,-17.58
1,Dual Berettas,Elite 1.6,Field-Tested,Mil_Spec Grade,CS20 Case,0.24,2.4,1.11,-1.29,-1.13,-47.08
0,Five-SeveN,Buddy,Field-Tested,Restricted,CS20 Case,0.65,6.5,5.27,-1.23,-1.08,-16.62
0,Tec-9,Flash Out,Factory New,Mil_Spec Grade,CS20 Case,0.3,3.0,1.84,-1.16,-1.01,-33.67
1,FAMAS,Decommissioned,Well-Worn,Mil_Spec Grade,CS20 Case,0.23,2.3000000000000003,1.17,-1.13,-0.99,-43.04
0,P250,Inferno,Battle-Scarred,Restricted,CS20 Case,0.55,5.5,4.41,-1.09,-0.95,-17.27
0,SCAR-20,Assault,Well-Worn,Mil_Spec Grade,CS20 Case,0.17,1.7000000000000002,0.63,-1.07,-0.94,-55.29
0,Dual Berettas,Elite 1.6,Factory New,Mil_Spec Grade,CS20 Case,0.29,2.9,1.84,-1.06,-0.93,-32.07
0,SCAR-20,Assault,Factory New,Mil_Spec Grade,CS20 Case,0.29,2.9,1.84,-1.06,-0.93,-32.07
0,Five-SeveN,Buddy,Battle-Scarred,Restricted,CS20 Case,0.54,5.4,4.41,-0.99,-0.87,-16.11
0,M249,Aztec,Field-Tested,Restricted,CS20 Case,0.62,6.2,5.27,-0.93,-0.81,-13.06
0,MP5-SD,Agent,Field-Tested,Restricted,CS20 Case,0.62,6.2,5.27,-0.93,-0.81,-13.06
0,UMP-45,Plastique,Field-Tested,Restricted,CS20 Case,0.62,6.2,5.27,-0.93,-0.81,-13.06
0,UMP-45,Plastique,Battle-Scarred,Restricted,CS20 Case,0.53,5.300000000000001,4.41,-0.89,-0.78,-14.72
1,MAG-7,Popdog,Minimal Wear,Mil_Spec Grade,CS20 Case,0.32,3.2,2.31,-0.89,-0.78,-24.38
1,SCAR-20,Assault,Battle-Scarred,Mil_Spec Grade,CS20 Case,0.18,1.7999999999999998,0.93,-0.87,-0.76,-42.22
1,MAG-7,Popdog,Battle-Scarred,Mil_Spec Grade,CS20 Case,0.18,1.7999999999999998,0.93,-0.87,-0.76,-42.22
0,Tec-9,Flash Out,Well-Worn,Mil_Spec Grade,CS20 Case,0.15,1.5,0.63,-0.87,-0.76,-50.67
0,Glock-18,Sacrifice,Field-Tested,Mil_Spec Grade,CS20 Case,0.15,1.5,0.63,-0.87,-0.76,-50.67
0,Glock-18,Sacrifice,Battle-Scarred,Mil_Spec Grade,CS20 Case,0.13,1.3,0.5,-0.8,-0.7,-53.85
1,SCAR-20,Assault,Minimal Wear,Mil_Spec Grade,CS20 Case,0.31,3.1,2.31,-0.79,-0.69,-22.26
1,Tec-9,Flash Out,Battle-Scarred,Mil_Spec Grade,CS20 Case,0.17,1.7000000000000002,0.93,-0.77,-0.67,-39.41
0,MAG-7,Popdog,Well-Worn,Mil_Spec Grade,CS20 Case,0.14,1.4000000000000001,0.63,-0.77,-0.67,-47.86
1,MAG-7,Popdog,Field-Tested,Mil_Spec Grade,CS20 Case,0.18,1.7999999999999998,1.11,-0.69,-0.6,-33.33
0,Dual Berettas,Elite 1.6,Well-Worn,Mil_Spec Grade,CS20 Case,0.13,1.3,0.63,-0.67,-0.59,-45.38
0,Glock-18,Sacrifice,Well-Worn,Mil_Spec Grade,CS20 Case,0.13,1.3,0.63,-0.67,-0.59,-45.38
1,SCAR-20,Assault,Field-Tested,Mil_Spec Grade,CS20 Case,0.17,1.7000000000000002,1.11,-0.59,-0.52,-30.59
1,MAC-10,Classic Crate,Minimal Wear,Mil_Spec Grade,CS20 Case,0.29,2.9,2.31,-0.59,-0.52,-17.93
1,Tec-9,Flash Out,Field-Tested,Mil_Spec Grade,CS20 Case,0.17,1.7000000000000002,1.11,-0.59,-0.52,-30.59
1,M249,Aztec,Battle-Scarred,Restricted,CS20 Case,0.69,6.8999999999999995,6.32,-0.58,-0.51,-7.39
1,MAC-10,Classic Crate,Battle-Scarred,Mil_Spec Grade,CS20 Case,0.15,1.5,0.93,-0.57,-0.5,-33.33
1,MAC-10,Classic Crate,Field-Tested,Mil_Spec Grade,CS20 Case,0.16,1.6,1.11,-0.49,-0.43,-26.88
0,Dual Berettas,Elite 1.6,Battle-Scarred,Mil_Spec Grade,CS20 Case,0.09,0.8999999999999999,0.5,-0.4,-0.35,-38.89
0,SCAR-20,Assault,Minimal Wear,Mil_Spec Grade,CS20 Case,0.14,1.4000000000000001,1.05,-0.35,-0.31,-22.14
0,Tec-9,Flash Out,Minimal Wear,Mil_Spec Grade,CS20 Case,0.14,1.4000000000000001,1.05,-0.35,-0.31,-22.14
0,Dual Berettas,Elite 1.6,Minimal Wear,Mil_Spec Grade,CS20 Case,0.14,1.4000000000000001,1.05,-0.35,-0.31,-22.14
0,FAMAS,Decommissioned,Minimal Wear,Mil_Spec Grade,CS20 Case,0.14,1.4000000000000001,1.05,-0.35,-0.31,-22.14
1,MAC-10,Classic Crate,Well-Worn,Mil_Spec Grade,CS20 Case,0.15,1.5,1.17,-0.33,-0.29,-19.33
0,MAG-7,Popdog,Battle-Scarred,Mil_Spec Grade,CS20 Case,0.08,0.8,0.5,-0.3,-0.26,-32.5
0,SCAR-20,Assault,Battle-Scarred,Mil_Spec Grade,CS20 Case,0.08,0.8,0.5,-0.3,-0.26,-32.5
0,MAC-10,Classic Crate,Battle-Scarred,Mil_Spec Grade,CS20 Case,0.08,0.8,0.5,-0.3,-0.26,-32.5
0,FAMAS,Decommissioned,Battle-Scarred,Mil_Spec Grade,CS20 Case,0.08,0.8,0.5,-0.3,-0.26,-32.5
0,Dual Berettas,Elite 1.6,Field-Tested,Mil_Spec Grade,CS20 Case,0.09,0.8999999999999999,0.63,-0.27,-0.24,-26.67
0,FAMAS,Decommissioned,Field-Tested,Mil_Spec Grade,CS20 Case,0.09,0.8999999999999999,0.63,-0.27,-0.24,-26.67
0,MAG-7,Popdog,Minimal Wear,Mil_Spec Grade,CS20 Case,0.13,1.3,1.05,-0.25,-0.22,-16.92
0,Tec-9,Flash Out,Battle-Scarred,Mil_Spec Grade,CS20 Case,0.07,0.7000000000000001,0.5,-0.2,-0.18,-25.71
0,FAMAS,Decommissioned,Well-Worn,Mil_Spec Grade,CS20 Case,0.08,0.8,0.63,-0.17,-0.15,-18.75
0,MAC-10,Classic Crate,Field-Tested,Mil_Spec Grade,CS20 Case,0.08,0.8,0.63,-0.17,-0.15,-18.75
0,MAC-10,Classic Crate,Well-Worn,Mil_Spec Grade,CS20 Case,0.08,0.8,0.63,-0.17,-0.15,-18.75
0,MAG-7,Popdog,Field-Tested,Mil_Spec Grade,CS20 Case,0.08,0.8,0.63,-0.17,-0.15,-18.75
0,Tec-9,Flash Out,Field-Tested,Mil_Spec Grade,CS20 Case,0.08,0.8,0.63,-0.17,-0.15,-18.75
0,SCAR-20,Assault,Field-Tested,Mil_Spec Grade,CS20 Case,0.08,0.8,0.63,-0.17,-0.15,-18.75
0,MAC-10,Classic Crate,Minimal Wear,Mil_Spec Grade,CS20 Case,0.12,1.2,1.05,-0.15,-0.13,-10.83
0,MP5-SD,Agent,Well-Worn,Restricted,CS20 Case,0.48,4.8,4.71,-0.09,-0.08,-1.67
